PC1,PC2,PC3,PC4,PC5,quality_binary
-1.521445647585133,-0.24787475474742407,1.9366256842037288,0.20197252112239533,1.576395781532266,1
0.9978633348910353,0.46108216299258403,-1.1362386446225246,-0.6055579890510574,-0.9513476116655353,0
-0.8976689112811539,-1.3387276440170477,0.24966065460791795,-0.40033007888818223,0.34582049004574295,1
-2.58678440108415,1.1039186146680033,-0.15233659183573453,0.5657176932033761,-0.08476508051052783,1
-2.505696140587848,2.304790982521451,-1.478703952030086,-0.16055283987796462,-0.35613504971990834,1
2.5294773294634285,-1.3883567223802906,-0.5929615844605561,-0.19380644794316265,0.22319217906931674,1
-1.4879842591050494,2.1430870802871196,-0.2547752629384715,-0.17778758631789543,0.9925020453512118,0
-1.5421729422359205,-0.17013805933706447,-0.25224255871829526,-0.4409551940518487,0.09521533582838977,1
0.9085718271344276,1.8838342346936943,0.7630476917591901,0.18364429690043296,-0.0673275419633775,0
-1.4754869533103725,-1.1160069582742669,0.8282759708913259,0.6171191889414511,-0.9499754908214961,1
-2.972753527592771,3.1534486671807245,-0.1444634425409863,-0.7671299103379642,0.03842624106159832,0
0.29757873131417545,-0.10045842026111601,-0.33739721366426045,-0.2367967430516572,-0.29010402642387617,0
0.09686037502057093,-1.0746321572377002,0.4359964351190563,2.888580497324518,0.7354736087021404,1
2.8076158712379162,0.9261809447451121,-1.2385313065184906,-0.9801220027982486,-0.043367966349647534,0
1.6209317396824936,-2.358028791789237,-2.2300483704934813,0.831523479678214,0.3128883525656382,1
-1.0205094507184673,0.3928934331321869,-0.6316919989126973,1.0098649467925742,-0.25271660473251756,1
1.1920118276636817,0.8008366598215384,-1.12910259943969,-0.43911894853809036,-1.0093057023612073,0
-1.6423295517738024,2.125094373011989,-0.18003735989216785,0.013229711985187255,0.3134420777627688,1
-1.2610242172707815,-1.7470718123765685,-1.2784803389946964,0.11054258036172238,0.28805332832528396,1
-2.5891235210637342,2.4203170693824476,0.09317606938760367,-0.43459591631308847,0.46424815659934504,1
-1.7243456244257314,0.44102385969484004,0.49796966786675445,1.960244740993884,0.04442337462774817,0
-0.749483545467448,-1.9451618218398452,-1.2095049881584188,0.09730874392800679,0.28855673848406294,1
0.12390648043303142,-1.1922293137185238,-0.4311086255395485,-0.3438745901987969,1.0842621351785595,1
-0.17764691055959428,-1.3480425026611755,0.7084746075069829,0.25799038954324915,0.5918317998821809,1
-2.1355086392470497,2.101917487328125,-0.19564180064403183,-0.7233430749300365,0.07047327148887039,1
-2.3514527768709446,0.6874868256579183,-0.42698977584819636,1.1057816290837947,-0.3856296670645643,1
-1.152604355933388,0.9863552575239759,-0.016617494067675563,-1.8161176358533397,0.05651427583768597,0
-2.1692855796941837,2.5555168172281575,-0.9659875262309319,0.9359186873101801,1.1699154293538208,1
2.609502049242035,1.2371571191222757,-1.122591721568897,0.08672770917789013,0.39410890328018805,1
2.650057214211096,-1.1189770305906108,-1.0165898160766813,0.8741459908228534,0.5554467458085007,1
1.577343713834759,0.41215323344971916,-0.8168296303121063,-0.4436240735322768,-0.5838085167875517,0
0.33250198353480503,-3.5209643618341016,-1.779887733159421,-0.44691767752306316,-0.09798393973126711,1
3.2959754569900612,0.7471815284233428,-2.2112090106022873,-1.7137923296289557,-0.476061174068028,0
0.11564941210397416,-1.826928567292419,0.2531445294935883,0.4911039452825738,1.0902040009597649,1
3.2370246042673694,-0.06403958432640351,-2.1194109451135152,-1.2396812818693146,-0.6266224838016701,0
-0.33438019252163437,-2.3986003970098655,0.6802678081808688,0.8987526363188406,0.09784041654205693,1
1.6207017798527257,0.3896738239693376,-0.7034086614875875,-0.5120133963321877,-0.6159718133580664,0
2.876987506964133,0.9271206008217785,-1.142615916038416,0.24795972806105712,0.4803998858512287,1
-1.0877181412867911,-0.43895271036978534,0.7693157162085694,0.22528065462759267,-0.30165241403781556,1
-2.2746859109782136,1.6679365586329875,-1.501738613629032,0.5110157875093124,1.1084417557376194,1
-0.22648381813581947,-0.57351214196246,1.2210887281315483,0.020063428358487328,0.1903925790248247,1
3.6152924710693237,-0.09863545157569677,-2.5304053231277055,-0.8018559315710746,-0.37723657024565205,0
-0.6930434320356896,-1.1096697462134868,0.18340732346220914,-0.5875997055448556,-0.2001064359552795,1
-0.1469750888524901,-1.0007969265200058,1.240990630192258,-0.6316106906015191,-0.3575074067075025,1
3.0440785172915366,-0.0010878390136880745,-2.4938925154521585,-0.261146407855036,-0.5421387234947475,1
-0.843215944753219,-1.8283047845533886,0.02431748257068524,1.327154335232142,0.4130139404881879,1
-1.6591291029323676,1.9886738447080554,-0.02421554495606827,-0.36191070139593656,0.12123464823943514,1
2.7328283258738937,-0.42420569621230825,2.048851746648505,0.9820911034961041,1.7520649883853496,1
1.1606571015333536,-0.5896998381771049,0.4072763013078073,-0.3814043096825305,0.3532101461124745,1
-0.4378379412933709,-0.22784309679547185,1.1173044696096501,-0.5643237895283072,0.4135291473871578,1
2.9751486752118628,1.1925256760220557,-2.0234162595479726,-1.8259535891652006,-0.11591379549289592,0
2.2824901554030603,0.887429760799574,1.075081392537146,1.0287271685977692,1.3694541873528663,1
0.11851060874728898,-1.820470409855397,0.2701439655446641,0.20665389602522946,-0.16736598620834367,1
3.1059456273401347,1.5635316704149331,-1.1863943965353645,-1.2709976545820647,-0.19345575594711287,1
0.1193714583651315,-1.6684181661431332,0.7115548889615767,-1.2881047603530074,-0.4097643668347903,1
-1.4391266690999434,1.1435048304691213,-0.5431750943576628,-0.16967542330551016,-0.2759223905152904,1
2.752850429232698,2.462863149636978,2.9883837479443924,-0.7939847068925155,2.2464637314137574,1
-2.4005093811657296,1.0064203855261997,-0.1550150539680821,0.266489815684524,-0.4876778015831002,0
-0.22938556869582621,0.06754196392045506,1.514229672415522,0.34645635362779137,-0.3005248972689143,0
-1.3148534222041726,0.014030623975149892,1.6943115034080554,-0.4922100824508852,-0.5044872301264473,0
-2.113696585361832,2.6424673278640225,0.5166043298793271,1.1010612241981372,-0.16654790731607436,1
-2.332478047713023,2.489608642354929,-0.8093084825765281,1.8440228382673445,0.9009028122451458,0
3.607125924129681,1.019278090718766,-2.1198885112357653,-1.8804808714093741,-0.36711872540396084,1
-1.9234857335177447,-0.9032182376030125,1.4507321911790156,-0.5866699928399629,-1.446106929717769,1
-0.17818699412835012,-1.740823655477555,1.38724286987042,-1.6874890870698633,-0.40815847630509344,1
-0.9576163979776403,-1.8965499121940963,0.7629732859176537,0.5927172731877186,-0.16145849020830846,0
2.091379584547457,0.9202367152552573,-0.5615098304561636,-1.3246235733336453,-0.6462445104978111,0
0.8481863210352504,-2.690969124408812,0.3955333869954322,-0.22872230599584092,0.04876328905665565,1
-0.6329370124496116,-0.629443040987051,0.17501991508681983,-1.4429388593687933,-0.8581329133828892,1
-0.6631164729312401,-0.47097136474900175,-0.08352754779062488,0.24450993244763852,0.3553954162198352,1
1.1787029087719985,-0.023551865005457175,0.09031041005330633,0.22928211405287788,0.17695264710149147,0
1.8401647991195804,0.602515112619851,-0.8308034703998567,-0.31901150531356154,-0.5085173630897633,1
0.49149202097584566,0.5491969928263893,0.6302989567260433,-1.2634412163693658,-0.4169828951436517,0
-0.5170949304054274,-2.543038875977512,1.0324905816488907,0.491604804322761,-0.007795914323563271,1
0.5127435428261052,-0.6214904142087297,0.5892663524289,0.767869602241128,0.4018999609431174,1
-0.07339752396105223,-2.7310080552255123,0.762313505585817,-0.24903086562901378,-0.560251604223756,1
-1.9413408399624321,-3.0079413956819825,-0.9095507980251745,0.9895226430648482,-0.07612603072540886,1
0.22579793809970458,-2.866754802794677,-0.33259488614032534,1.1547593694375036,0.5277543744081525,1
0.28466131452857235,-1.8560642289659948,0.7794383293653949,0.777714742238516,0.8229125365614838,1
-0.3797007152032643,-2.031987305215553,1.060145421622883,-0.5114403305471373,-0.0320408918964962,1
3.1613088038272195,1.778189157144297,2.61558097017074,1.4359349409646007,1.2849968592722238,1
0.0736657504378253,-1.1697994793009443,0.6627739206536551,-0.3529297569855034,-0.2608764308892505,1
3.957826773273404,-0.9994688167748029,-3.3532433919975886,-0.5826050009954995,-0.26652812376526946,0
-3.193373248893616,3.0460635187817333,0.17300178430405996,0.4240812453519281,0.17257559725496396,1
2.0994125723597032,1.325087264319241,-0.7762973211252591,-1.226795286537979,-0.8952740720729534,0
-0.871448347122205,1.5464247020840907,-0.1308505740633984,-1.0079013884204917,0.2685517658756992,0
1.3183968433115658,1.2456638728519749,0.4257085295350539,-0.3662939361631481,0.22305655519690012,0
2.6413092721921227,4.657409723179102,4.994929094792408,-0.8967247210918575,0.8413096475004553,1
2.5734675548206494,2.2124807513544402,0.5005339088360686,-1.3316734326181834,-0.48272607905487575,0
-1.812027440664285,1.9724131044151036,-1.0709527675648052,-1.1673564097568716,0.5682054535531537,1
1.52789514983354,0.5923168017693562,-0.910807173784695,-0.5538816104576318,-0.5858063195654878,0
0.18629716710675603,-2.623583700147267,0.943383793979019,-0.6567986281808842,0.16130807683064172,1
0.6556516726122145,-1.851085581887882,-0.04031573757666009,1.0534119900624836,0.9327527356553318,1
-1.0257100108184578,0.8334550482567217,-1.1240095102953125,1.8377730579472649,0.5850568979934948,0
2.5417663663578285,3.0658753073344545,2.961366354077545,-1.2388160827694448,0.8551882811915633,0
-1.396511663800246,0.9725908891636676,0.7139899028732566,0.8116677281037319,0.4881692150564033,1
3.355912645409239,-3.143831329435579,-4.073740936851592,1.1730144251945023,1.7503382132619831,1
-1.0763146793807081,0.07078800799891011,0.16513932490910305,-0.02218540504248304,-0.624480422492541,1
0.2816465692296347,-0.23979554554517946,-1.185525470730145,-1.759474980784422,-1.0905820064950953,1
1.9359641871371362,-2.3826564257893197,-2.058037334054718,1.020931311088338,1.0769340894164157,0
2.7974352986412447,0.1199639312297653,-1.5312650574339588,-0.848451018255781,-0.07942236986286083,0
-0.7500378683393197,1.151521049705474,-1.2980713320150967,0.14772382152784008,0.5502830272157176,0
-1.6655787768583667,0.7980386944432346,-1.31809585537767,-0.48732135504307805,-0.7392960803825318,0
1.0674534074746578,1.735293727394714,0.6158283053599336,-1.4151411333233073,-0.9646572941423582,0
6.151800136865509,5.587852594935899,1.3164725736160166,3.777688273462079,-6.341278456267443,0
-0.09007741944466048,-2.116671100833745,0.5681634892118144,-0.6265089339381147,0.5433531873467721,1
-1.6179486871944375,3.4553609030489674,-0.207395203219527,1.627159348841548,1.412038606467209,1
0.6911143363478288,-0.9215125309740796,1.3520531288617248,-1.7260841554414976,-0.047713840039180146,0
-0.14190620604137386,-0.8582973746941245,1.1685009578952668,1.0388907398584482,0.3712238279890231,0
-0.41636867170919317,0.21226539051219587,1.6616252907151638,0.0024659881491551957,0.1816810934368896,1
-1.3961077983378458,-0.6892258397939602,-0.3260082390209751,-0.29048916175829187,-0.7837539376606297,1
-2.3088411658170305,3.6920154373402907,0.868031875756985,-0.05957611966576198,0.2249028138573174,0
4.303504185586052,1.963129545266677,-1.838727126417817,-0.38590417718354264,-0.028804534703245767,1
-1.6006923331459146,1.1153056185055137,-1.832073117101064,0.9731540236661155,1.0491940612831827,1
-0.70287787133353,1.0812403308704297,-0.7172339323420128,-0.44726552375122297,0.3726636576055275,0
-0.62047354721084,-1.6955557640286523,1.9434320452221208,0.0733040536746965,-0.31245108665785515,1
0.8326792364227087,-1.2997107746081964,1.0527037820885592,0.30861902174864775,0.3414167881191826,1
-0.0388096019275369,-0.32126299143645104,-0.6167574233733785,1.111353171090368,1.171482082256918,0
3.2917159372498612,1.037901800563604,0.9610983659239763,0.17026826602020614,0.6201103536152152,1
0.7847727455380532,2.783542299994109,0.02598210470814344,-0.9104286102596678,0.1525333609167149,0
-1.82912334496807,1.17645780455209,-0.07017845840391823,-0.3531954978569736,0.3017995313147195,1
-0.8951002665388597,-1.3456275563116826,1.0773981832092392,-1.2818618040332972,-0.20080460212253637,1
-0.28652504557237846,1.8099431992400932,-2.0936790578464253,0.14010245210369646,-0.260833186232503,0
-1.86348403686229,0.46182547815681,-1.5980167307500028,0.03908716036363541,-0.7844022604197285,0
0.28488963895100694,1.0544401768494882,0.6755999284641339,1.5244541960858555,1.283062896534602,1
-1.456488665547622,2.210881123451707,0.04116284131561507,-0.6115595508876251,0.0008334898975551056,0
-0.8423956920425565,2.8679748535436453,-0.8539128337539783,-1.167937484419574,0.557119741198184,0
0.28023289474087654,-0.7825320459646748,0.6950561928307804,0.380354341347448,0.177105113717522,0
2.770415739935677,4.083148619944928,3.931563147289925,-0.05056863622848028,1.1927794822577809,1
2.116640918721015,3.3748658675297465,0.8617241883067516,0.534790994413907,-1.7369575474527703,0
2.36563457467669,-0.18644189367356662,-1.3953723329043113,-0.4157990711382449,0.2228595341981571,0
2.9727167364868317,1.8150065054196287,2.454669829817898,1.2296105494219116,0.28685573600863135,1
-3.108776613304748,3.6542758896516117,0.44329087741135736,-0.20276794941289641,0.7614410727294334,0
0.28515434247150506,-0.9580252172775765,1.736461621482634,-0.21923727441096288,0.2180988239349139,1
-3.318684761204777,2.271287573013794,0.08690793632406627,-1.0191469322091324,-0.1029928420381784,1
0.2786600763328169,-2.2844433898035037,-0.25136601206592263,0.2424214360252115,-0.10671278312456187,1
0.41552998415231124,-1.6221452105450322,-0.37706106497474634,1.8082545613829812,0.6184184016842221,1
0.0954377417047295,-0.052640959785959104,2.634637311668945,-1.953752920104652,0.1229462277231308,0
0.3766819943252392,-0.15624719186860164,0.13124281511572528,-0.2229240795223891,-0.23895258603790975,0
-0.4738273521774451,-0.4862420385837717,-0.3969954379793719,0.9383233756252582,0.1381863188097141,1
-2.4322332716157065,2.7060865247772603,-0.12167321222701118,-1.3369301661662862,0.507751275259048,0
1.0268183192615408,-2.549291368842597,-0.7142490665930572,-0.019324708519269526,0.4036058291812773,1
1.4088217624938533,2.9891524449908506,2.39403019847833,-0.42523484685004304,0.20022270065730782,0
-0.15931617199130285,-2.6501260916060922,-0.2582162134914986,0.7128223204274997,0.055823237555114244,1
-1.3067904413387224,-1.1902887781184797,0.023654510025243648,0.7615744120523104,-0.0050985646907709134,1
-1.9553107695364353,0.02482756143890896,-0.6905940809910586,1.7823067388022662,-0.3032762177533695,0
1.1880448918110256,-0.6360455630468305,2.518341038080441,1.1402819478998112,0.24272134781181606,1
-0.04068997096011772,-1.2578847203349164,-1.0350842996482774,-1.1457330775602756,1.5362404240687493,0
-1.4019083668172376,1.0370113904310942,-0.2750642662568867,1.3290032756658932,1.3925362029021449,1
2.0609948680353134,0.4463732252196421,-0.07025633717390263,-0.8920683549546953,-0.5550742670959287,1
1.575934735005102,-2.3406331925034225,-1.0760544925072875,-2.0282447000314177,-0.8869182011204416,0
2.76262849611301,1.5328527266236507,0.4213575426326031,-1.6271791242351112,-0.3081959451034322,0
-0.7043691089459924,1.3059061146772601,-2.5286280574738362,1.6247632943690649,0.0059544788593428235,0
-0.3056273063028763,-3.0390613962159936,0.26051328367352844,-0.30399335282928996,-0.190043696015285,1
-3.2099325134808336,0.47117464982038554,-0.622339958584528,-0.21844128281157832,-1.0762522429731611,1
-2.002421906866728,0.9716367444856702,-0.21952341256578298,0.5869106513049501,0.3891024215245405,1
3.4456129299858516,-1.0535206964203705,-1.96636323457483,-0.6847101752384839,0.5805086671823552,1
0.4833635662030052,-2.8847394793021777,0.8304065471872715,-0.722729968075455,0.49057638898199946,0
0.6374953373161666,0.7229589599519903,3.1295938429052903,0.44585907389781243,-0.4886445022768788,1
-1.9653585577100814,2.2005946240787804,-1.5466593109683142,-0.6542046900540484,1.3123639587936347,0
-0.2259134512080446,-2.13046739366622,-0.01561516622094305,0.722611780549422,-0.3799192963501894,1
-1.155525515110726,0.735395978958779,-0.9651729854690011,-0.8518331264839579,0.6097051355208364,1
-0.17351871640169728,-0.19932280874976807,-0.7080125100846442,-0.04136064013820482,-0.2152107611362144,0
-0.9318979768574097,-1.9124591500943267,1.0947001361417183,0.017288325761470016,-0.39465936917669486,0
-1.4621898271954932,1.0350381902892392,0.1195221278562717,-0.6356290981608713,0.2082768543629784,1
-0.5386833836998685,-1.4377120151891054,2.5239231421567485,1.313314779437823,0.774060358807013,1
3.2352427740957976,-2.238878212814175,-2.3543599380528817,1.3009502990372377,0.6605915348654979,1
-1.5469774586393974,2.5155801473283113,-0.10804274730951316,-0.9204308227934214,0.7689800251170605,1
-1.7839174872291896,0.5707261623039104,-0.6657727225644852,0.12339974965807157,-0.6198718624222731,0
-0.0464538892640075,0.1019312857880151,0.28602033316801506,0.2882155465098592,-0.28820218999521097,0
-1.560818771531037,2.261473804781544,-1.1119201684175202,2.170479562857322,1.3583685578882103,1
1.1556866637791068,-0.7021922041691229,0.7036769103713387,0.14783255011815719,0.11150880432395086,0
-1.7370775223107544,1.376584054363189,-0.02807748515769785,0.10149904171377952,-0.22259151571252905,1
-0.1209187943934976,-0.9012229153530711,0.14919284368324523,0.7563874083803032,-0.053897251521534226,1
-1.6549294846635931,1.3495823145815669,-1.769186897740932,-0.5201118232000698,0.9092028427928673,1
-1.0585760712617323,-0.5791146723035163,-1.4276977476654298,0.30478728777588093,0.055588288638678866,1
1.8915015517830693,0.7194704159391577,-0.7632023681210561,-1.6136417062055186,-0.6081609290855665,0
2.1252828210797268,2.9454013451589307,1.3185759952478269,3.0539272236952937,-0.2834236161807909,0
0.8263216042663853,0.8698442745187136,-0.45364756250758254,1.456942176492811,0.7711931214186469,0
0.023663309431207487,-1.7548780544547868,0.16081834797297503,-0.5865439703771252,-0.24338130644436273,1
-1.3112468599156997,0.6024207326380321,-0.20499140869337043,-0.11605933457674392,0.4001066625421703,1
-0.23104240782625446,-0.18996416078875694,-1.2739884222243862,-0.5250068676137345,-0.5228147349927855,0
-0.46964016161476324,0.15759082391875387,-0.8933581095092743,-0.3858289962559386,-0.9049849039242546,0
0.8838980460252962,-2.406719605593925,1.7403224554515853,2.2920236650077914,0.6945882765767175,1
-0.2676132419986676,-1.8640666738525982,-0.9477411370653996,1.5384162383694975,0.8750993257272182,1
-0.9210165171120711,-0.8144813858740476,-0.1615797665217194,-0.3121529375943083,-1.0587797108473356,1
-0.046176696380032016,-0.3118016340788487,2.458497084357603,-2.2458981725820166,0.05221944928968583,0
-0.3114001847301563,1.3383649432308535,2.1426263901353377,-3.027270543712553,0.2513130810789557,0
2.7602194456779223,0.4998180517387051,1.9499029834847623,-0.2724075553065737,0.4393664317129536,1
1.16146585159184,3.0407659551426782,-1.3210005481732292,1.5997754828448096,-3.6063833454845895,0
-1.3448505667488255,0.08162433557838406,-0.45003378200873057,-0.7449033928089328,-0.7862547360706769,1
4.574546185879737,1.3895767199971412,-2.385182286354123,0.024771686487795663,-4.311396470496299,0
0.04862218572170658,-0.7887696199214342,0.7271430615193014,-0.778210439239239,-0.2810252872770311,1
3.0462789740921687,0.277685534527114,-2.3142473930999237,-0.2726451952669871,0.170360934293422,0
0.10791098786087462,-2.9302637602883013,0.3406669396578891,-0.3248540564570185,-0.3153405448477185,1
0.20227145585381368,-0.7810961429005056,1.0018029352592168,-0.8277372607991668,0.9260134960760513,0
2.395123391850252,2.060853069231013,0.5085069421402226,-0.49385873997769836,-0.12742742685559474,1
-2.194866158235334,0.7910378338405561,-0.5820587910145356,-0.42776788290289885,-0.7351307275298695,0
-0.28205496596822893,0.5157018669217878,0.6633987644870163,0.10609692242251294,-1.3451115144420591,0
0.4175472556664025,-1.1664718660644076,-1.745530812697993,-1.2577846792206224,-1.0743684022197162,1
-1.832292965646867,0.7325850926771402,-0.6766841772314586,-0.8077323801011628,0.5827059410623893,1
-0.4738198336657385,-0.2935134238983033,0.5639820730039852,1.0334085382484972,1.0607363460383559,1
2.904659311250818,-0.5277178419570933,-3.1889702480236064,-0.5919172804120785,0.17952387823974822,0
-0.5500072982845154,-1.306633882142884,-0.036723169834876446,2.107216524334979,0.5691065590114583,1
-0.24033384105604746,-2.7545225361789374,-0.31335503681873916,0.9906172065616389,0.4192980692665654,0
-1.2584261952150622,0.39010596977784756,-1.5195179869859006,-0.8279251150215284,0.5277294924268543,1
-0.5492377801353883,-0.5073629687324764,-0.10075661471388614,-0.1772694428200334,0.12615250317701943,1
2.3791309454142944,-0.26783923763325646,1.4415117351044473,0.5364310173286806,-0.10555093764468737,1
-2.6528109214415827,-0.20729141324703634,-0.2436874317535538,2.488490842645098,-1.27433633716832,1
1.838000308489436,-0.35565320459174155,-0.5897112575515527,0.39510141073585336,0.38959242645557485,0
1.9536942659235497,3.1134635042265275,-0.19171716645537135,-1.2401825119697272,1.0527023380515952,1
-0.672536393685662,0.5638414666560806,0.3412810089389003,-0.04631666248397063,0.5297046059940662,1
-0.021641383593262294,-2.188783984823292,-0.20335888246872108,0.2081188082456145,0.7294117267175052,1
2.590837462411852,0.027570521891101162,-0.148797895413814,-1.4263901747048608,-0.46370796915878265,1
-1.1200587541435976,2.8839826968768163,2.774999311561741,-0.12165324864517763,0.2783875417702525,1
0.11357012697814692,-1.967850946926606,1.2626582283026884,-0.23895383597534625,0.03713039163115282,1
-2.145271646107739,1.2624039454703369,-0.49809924028466607,0.25547809117093795,0.057760846837874254,0
-0.4442753680648132,-2.461950261290227,0.0637401717801519,0.8790636182718813,0.1823558026563094,1
-1.4118648534761868,0.030160388389291148,1.663675766246232,-0.436815679469642,-0.5020770853180592,1
-1.9318164685286108,0.2662893328202219,-0.6887796194175608,0.9253200034849863,0.0013328279628505727,0
2.135919534826592,-0.8653563507089648,0.4527675637558529,0.19385984495530384,0.80008805219474,1
-1.5652862199197828,1.799311153851234,0.3307234265700123,-0.32633385608460674,0.22891928165530545,1
-2.0955828919403774,-0.026739626100778218,-0.3257244842198542,0.0760866321048576,0.12361967877516276,1
-1.4395745060879443,0.3553410892939898,1.3398051707327174,0.6879267979257478,0.24349584167933724,0
-0.6713712220927812,-1.3372952965473732,1.2015617450684903,0.617163461170351,-0.803948534995919,1
-1.9928379157562703,1.5335020588323585,-1.7848403238239852,1.3351202797591708,0.6299427615605451,1
1.7822385280233457,0.783025098598455,-0.34911274628048616,0.21755361810313492,-0.12192669695759328,0
1.658186631530612,1.2683681558996522,-0.21886783771115473,0.2721206854137702,-0.6788587239058745,0
0.5218845947998163,-1.131786969837799,0.28835373621608784,-0.5873731277817471,0.10525581541720079,0
-0.32417015444463665,0.0843543880297366,0.5375027634633867,-0.8120647672125483,-0.3200267836140317,1
-2.5022900617141532,1.4282996504266494,-0.48816939445715646,0.9610451719834318,0.3248149416498867,0
-2.8108995359305866,2.1785904114562884,0.2399001866785309,-1.0852599260816451,-0.7361830205315398,1
-0.7407519117999373,-1.9480297010096743,0.7389272279342147,1.586415675570602,-0.24855278125252292,1
-0.7471737378078694,-0.5043480255475034,-0.6828502480404861,1.1436808216731746,0.10705881005324536,1
0.0726502681888441,-1.5994390363695026,0.416340068206209,-0.7696854011237066,-0.7327175059370712,1
-1.0000408672788594,-1.4414142585990506,-0.6747111517973506,-0.24261356661364472,-0.48829819067676644,1
-0.9412986517180242,1.1206891131655372,-1.2372221521058153,-1.2221519739663402,0.6809434428339114,0
-2.020477706403046,1.9250317171449907,-1.838613622021783,-0.7221247035556224,1.0227962287886339,0
-0.5365311582565069,0.3565876549730253,0.5979996772712385,0.824435483826653,-1.8169319498730347,1
0.3164213714772044,-0.6593931753287332,-0.6788206612818263,0.7565843189434895,0.2159314871232464,1
2.6884706036213597,-0.5750984169508803,-1.2452199165691666,-1.0263027315031374,0.3262552286125553,0
-0.36088543363038056,-0.9132222428380893,0.3079319646630268,1.4981048769894678,0.8151368428206602,1
-2.39880345653592,-0.27426079466480113,1.2718920990253428,0.10360819413717358,-0.943554363213969,1
-2.2830319588086545,1.6941176068826738,-1.1545075111444072,-0.11086479958272907,-0.8680470957886449,0
-1.345308538323098,-1.1512077510528513,-1.043565520223702,0.5254852439155584,0.21554778784735826,1
0.2054678851215325,0.11453580459326995,-0.9947422629700553,1.0426739336439006,1.0852376652514075,1
2.3880549162357343,-0.2707108387889133,-1.0479263642742884,-0.2688999549209951,0.49349682138891643,0
-0.7565266873597118,-0.5848998224564801,-2.0934495687748718,3.0390550365680986,0.6125643969988025,1
-0.1903423710515942,0.8293430844383851,0.8150774605833104,-0.5658122135600229,-0.3819159680923109,0
-0.6393834814241337,-0.7052689331760048,0.6519468973313346,1.135934482362548,0.3936510230221782,1
-2.1572672766737218,0.08583451715612976,0.18898160576578155,1.7494994340041528,-0.8573489738108596,1
0.14154961345884173,1.6697923510819368,-0.26009481727357425,-0.8048290620534646,-0.8341588181427257,0
0.29057007779382976,-2.214338026832238,-0.3530404458931926,0.6941933952761851,0.18069094090599286,1
3.5521420914123767,-0.1881995358955598,-1.387377223431121,0.33763479198840274,-0.5263277480988543,1
0.3222189563679577,-2.1432125670826627,0.03788749290531048,-0.1380058556063717,0.16734787258965508,1
-0.9426085935676068,-0.23520067591590463,0.4334908009457802,-1.5760169875859527,0.1788885100348374,1
-1.1090737072159171,-0.4660946685465721,-0.9474719739583249,0.3370552028751961,-1.2707645924139086,0
-0.3301301000229688,-2.000612548103751,-0.3612278112568617,1.0746189080646973,0.262608200663532,1
2.5214616841229796,0.05297995787560807,1.451777445294184,0.8435135856282577,1.0332668953782533,1
-2.2322297699006035,0.5414442910581464,-0.03157859694077361,0.7431551678624112,-0.5836025490628832,0
-0.7542976591765088,-1.6785478145629738,1.643387279462673,0.5187352812742824,-0.012701163503665097,1
-0.14359027183633313,0.2338206407936883,1.9160633257172406,0.5053589299257131,-0.5067391967148372,0
3.060878320715044,-1.7420990021507194,-1.468547401156164,-0.8406024699023018,0.35213074991886323,0
-2.5666206706983115,2.2044467989863934,0.047220974740249666,-0.3999006140065966,-0.3069650863183362,1
-2.4900759470876035,1.1174444939134769,-0.27240075144965825,0.6404636034789759,-0.8367743888420661,1
-1.2354394869728376,-0.11313353149069141,-0.3190970909171314,0.7121995524230447,0.16654544599615043,1
-2.137695069482679,1.1120794501805493,0.3792422930150235,-1.9553109318366593,-0.14640548895594732,1
-0.29410415347162194,-2.409061494216397,1.1845323094654492,-0.4387045499948973,0.06739202332198713,1
-1.0528974868037428,-1.5082517921194092,-0.5394817238288273,1.0274487612983672,-1.2104599854214795,1
-1.5469774586393974,2.5155801473283113,-0.10804274730951316,-0.9204308227934214,0.7689800251170605,1
-1.0890845745896898,-0.8357551559200529,0.4039489187028289,0.744441574968662,0.06685938119333178,1
-0.795077134852474,-1.4109562332506036,1.642946827626658,-0.734533614713595,-1.161635294126554,1
0.5734247547706636,-2.705332831696394,-1.7004169288171458,1.9861751797714333,1.0641557198888965,1
2.3240206821566742,0.42154042832409466,-2.5210022353587878,-0.38722380540540347,0.11061542390196225,0
0.20813683008038195,-1.1764202382353703,0.8443736722658618,0.4505583838114037,0.4042580617239505,1
-2.5893604216800283,2.1750010188998363,0.366073406143431,-0.024539187885784613,0.12217289956001144,1
-1.5196443703923195,0.02681797502585134,-1.191274885841345,-0.07734436000254157,-0.12556811402160498,1
0.16977842650466735,3.0154791674477397,0.13386143081941654,0.5341499355448169,-2.1082501869212864,0
-1.5007168975378269,0.23629610716071703,-0.19099661222598593,-0.665521601236008,0.48268400751009555,1
-0.1709365739140711,-2.4480505753297694,-0.8802054517939487,0.9773115848720665,0.31991529898300003,0
-3.848438759044815,-0.08813644974939089,-2.5392569630774697,3.5871621681490424,-1.1016158837719257,0
-1.578983746519881,-1.4656804788859206,-0.2862992209187827,4.245427714280657,-0.4112233037439385,1
-0.5426570001048262,-0.7095510328740364,1.5018966160343212,-0.9309574949217673,-0.530127493416361,1
2.183857671186337,0.8190190991374373,0.23396034895253806,0.05291189245915231,0.36475682651445646,1
0.46015592119757237,-2.825140198692825,0.9348208909580409,-0.6532421544919425,-0.3818176192523522,1
-0.5500072982845154,-1.306633882142884,-0.036723169834876446,2.107216524334979,0.5691065590114583,1
-0.4735862763225544,-2.2368294971264344,-1.315693300530197,-1.252218248193181,-1.3582262850113807,0
0.4992172438032801,-0.9258713327200361,1.6477835996574692,0.40918296388117953,0.056204836292724,0
-0.6454920315855229,-1.174857497143852,0.02613510303394264,2.350122947926774,0.4618774299695014,1
2.8465607820528254,1.937591973784303,0.16134391803519318,-0.8395333960428567,0.21454140879094816,1
0.4122551916737574,-2.8176470110566023,0.05746557758048756,-0.5970857116224101,0.4335587995091537,1
3.069377249373481,1.1659912690870844,0.3504809825848439,0.9568531696308934,1.5047326731803283,1
-1.442656514887794,-0.755071359349435,-0.33164158771992475,0.8942913055903952,-0.986621923272901,0
0.3470610062517085,-0.07103357159221585,1.1938498056713236,-2.0342136345793853,-0.1854245831901332,0
-0.5932160455629722,-1.2617105015999734,-0.02306469219944684,0.32605597236065986,-0.22932986517907616,0
-0.07227877232743096,-0.5745726349943753,2.7462348103275063,-0.9731121319678597,-0.28154674108305316,1
-2.015457369121036,0.8472365957456907,0.0840966081907493,0.8448463754491994,-0.19073339365210726,1
-1.1319870457801056,-0.6082864003427672,-1.0366463795669514,1.477785592253197,0.19177430801753537,1
-0.701963878542829,-1.9426052086282237,0.5794314124909996,-1.1602614752849951,0.14942177979663454,1
0.21662770841160006,-1.5676752952158086,1.131554729071268,-0.19906570411561994,0.06459438056891005,1
-2.5973860958182913,1.1071348553380707,-1.3471626589656445,-0.2447288005797003,-0.1036158546300694,1
-1.4019083668172376,1.0370113904310942,-0.2750642662568867,1.3290032756658932,1.3925362029021449,1
1.7665193224413314,0.3309646733724802,1.007595919500969,0.43611483936515993,-2.551935068941753,0
-2.9418559487498634,1.662151318448229,-0.1399095885699653,-0.3629013958934649,-1.5910353429983406,1
-0.23033420297974885,-1.9212492831511467,0.3782912631021227,0.3198171855880774,0.17170171551485366,1
1.5864538421387038,2.175604156795797,-1.6825620946581432,-0.7889572535706769,-0.779498803420788,0
-1.4378375964481178,-0.658079234060776,0.07335346739633002,-0.47882214705267473,-0.45330282213785567,1
0.4506422679098484,-0.07110803615145539,-0.28499374090352975,-1.5238003543976035,-0.34969976604527786,0
2.6581603948203516,-0.3886265368104526,-1.4580878412633194,-0.7516950515563876,-0.29318867041166075,1
-0.051724974516380556,-2.4330985268060723,0.5461869310617377,0.20777038699179756,0.06157595662689525,1
-0.7238614806496005,-1.8540512653765469,0.19892980268045626,0.2039824438548326,-0.32260464891688556,1
3.779256858039477,2.207861775137585,3.5071060917418695,0.8192160733639933,1.6430086290118928,1
2.4224763989284392,0.7552815153527841,1.2164466779129117,-0.031082974385940453,0.31833699458727277,1
0.3838103410017127,-1.7652085047131265,-0.803112990317819,0.37048894605044597,-0.46909780999130507,1
-2.1958285127247406,1.9588140409536092,-0.4037231259218292,-0.4281825081920334,0.5025357385262494,1
3.389734949400257,0.026973337342449673,-0.7745045706005501,-1.1339705311310428,0.7376379994885026,0
-0.5520245922260356,0.11095355930695987,1.3281140029152947,-0.7321884853487974,0.4725111087379543,1
0.8478639928950871,0.8597228512280419,-0.44936064923526936,1.3977746018013029,0.758966729461827,0
-2.1906708018092744,2.5673155458807084,1.4220401306078791,-2.219644169239709,-0.13276761282874358,1
0.12938610239827644,1.212498253857796,-0.9546928368360719,0.6593008121602699,-2.6963177481495686,0
-0.2607352787469157,-1.7061724080143692,-0.37460826187178475,-0.9782963782751678,0.04587592836108004,1
-0.30706447279914323,-0.7384342491818447,-0.252214835621829,-1.2811396174897627,-0.6552037305500054,0
-2.9640080180832546,1.2852207382276315,-2.2052812864211333,-0.33378348757191173,-0.7778336677402475,1
-2.590738687533276,0.9853121108692335,1.3146659301167047,0.29488810723485465,-0.8833055281230882,1
-2.7174996960012643,0.6167623026176502,-0.6463896472606221,0.5609361274257502,-0.14783340711577495,1
-0.2596954776243785,-0.8102786317989678,0.16479810788835322,-0.8158433289225248,-0.12630664721745655,0
3.1238658643303725,2.7940400970498582,3.2200759343393015,-0.9898603137383214,1.250916530411466,1
0.7778904951837043,-0.6037880349733389,-1.571919788112289,-0.43348690987304517,-1.1246437373610996,1
0.45575801066448407,-2.007924245706028,-0.3508096793353328,1.9452488181741976,0.4183521831030459,1
-0.2265267731464124,-1.3294872927218944,1.92202516412207,-0.015051896141644499,-0.024141451555123605,1
-0.5001252205816494,-3.245058828069679,1.0393419058313114,-0.4790717845775686,-0.24309766006520164,1
-0.7218632265047089,-1.825247400782879,-0.4306106632644361,-0.20741451091225546,0.4184711758739865,1
-1.6208813611405561,0.9873906146154154,-1.839950795225575,-0.24636378765509415,-0.5857675442496035,0
-2.5979074441165997,1.1309182681533827,0.187418626472158,-0.6176702307998944,-1.4604583052534703,0
-0.2828197227578408,-1.6356440940822206,0.5906168176918531,-0.820102132028896,-0.27295205486569013,1
-0.3849131859435395,1.243990680741455,-0.7766504373883343,1.618520114912383,1.5201729942512174,0
4.073461618746512,-0.8387334132240486,-2.4686745287171186,1.1162077580365708,0.7905217450261567,1
1.2345967246873166,1.0914828848477194,-0.6623671954152468,0.56430566547397,0.10259037904763224,0
3.284732400072076,2.453679319235226,0.6779994410822267,1.5786200430118007,1.6305175987118732,0
2.562905814798787,2.126858551447795,-0.4978985656327335,1.6975088572171357,-0.5277970370130284,0
2.1837891106846112,0.06281439139684057,-2.003657278298029,-1.0775805686358388,-0.4661280068923065,0
0.11841092429293598,-1.904870141755127,-2.190087024022663,3.1736858520260682,1.0808259707533083,1
-0.10421306738859196,-1.6851122653111594,1.779364033148845,-0.07242986133775538,-0.4504227026832095,1
1.248209580966154,0.5236341818288058,-0.8451951418495043,0.6542699017516418,0.18992534429322575,1
-0.3971796750210631,-1.3730269416934637,0.8098770252635602,-0.01128885157904783,-0.3404677318388105,1
-0.4792092763331954,-0.8138118557295597,1.2823070695681054,-0.13423695682984974,0.674239303231269,1
1.4168981988032572,0.05411227242642886,-1.2322114286539365,-0.7829125637197467,-0.9357411003205726,0
-0.5386833836998685,-1.4377120151891054,2.5239231421567485,1.313314779437823,0.774060358807013,1
2.5959191561870325,0.9829979482011904,-0.5318131923552669,-1.3645893096180524,-0.18872741026724188,0
0.2923183350307175,-3.0917344043039217,1.2702236109186653,0.3000140902246622,-0.2862410202104919,1
-2.2469617231811956,2.152604978690307,-0.08127286475892129,-0.2943121194053668,-0.5193652737510349,1
-1.341589772477771,1.3436924931747416,-0.9560062616258302,-0.5108058565117881,0.7654998342767668,1
2.3407965470875247,3.029699200144733,2.933904434903229,0.5879978240141778,0.9424618675999741,1
-1.3627934047200227,-0.7324612903495271,0.2206084114998455,-0.5350015561954908,-0.8039152603600495,1
-0.6719870695129943,-2.2224032687648796,0.8857762273264972,-0.4922554307988464,-1.0481183384023718,1
-2.137695069482679,1.1120794501805493,0.3792422930150235,-1.9553109318366593,-0.14640548895594732,1
-2.141527437163778,1.2490938343357672,-0.7836877744226893,0.38489868483660106,-0.7837448007827623,1
0.8819872077140866,-2.1906899468904526,0.17976872106205632,0.13393818451420436,-0.19501529315765073,1
-1.178958823472237,-1.2854560328954232,0.4320823778013806,0.2213202720924906,-0.24420714746755853,1
3.2343044226579694,1.5164896641953172,0.07261641333179737,-0.815328935615495,-0.15376764580036076,0
-0.7268331460584391,-0.43707719115093685,-0.7613276048514983,0.07600322655514131,0.2836697672621508,0
-0.6721294186515777,-0.6466634232523867,-0.26693205901752803,0.7411906463481527,0.6708974217841667,1
-0.9940171687737658,2.267321967689329,-0.028484930611246836,-0.4905756682078296,1.3793167736745024,0
-0.32344445338660754,-1.6500627943106523,0.7041909182268294,1.6325027870575848,0.4078100084126253,0
-1.822212221740435,-3.324356089032041,-0.46706867544111735,0.6603660071040337,-0.3443146458072489,1
-0.2720584180266638,-0.6124264612659222,-0.13620454236578863,0.22009843734312956,-0.4828436465586301,1
1.0927322254623812,2.148288790083511,1.3299597536333925,-0.9145059568167976,-0.17802221553430939,0
3.867357029680596,3.3982808101419923,1.4693100372494476,0.19764718187823932,-1.6549738684559394,1
2.597880603008001,0.5603251074090945,-1.467117801463394,-1.2071494561888834,-1.1113858768298697,0
-2.68274785765582,1.5006117687006328,-0.21098185275148346,1.159361411030213,0.10557989563545538,0
0.01709612399928431,1.5680631935403404,-0.734738657459057,-1.1925549046112995,-1.158168428061167,1
1.8568366045349176,2.1211764220060116,0.9890291793533738,-0.2573323155942809,-0.9604001984417309,0
-0.49576542085807945,-0.023068729444877433,-0.7201857378382225,0.4344023843885272,-0.06960933388491965,1
-1.5724096465992237,1.373033392788032,-0.29703954289367357,0.5788317532409998,0.6359976394513994,1
2.5825363784489284,1.1388990032966368,-0.7061905982450207,-1.790290079789293,-0.5117728355926829,1
0.0974166072642142,-2.237560295855781,0.0225788581212289,-0.08119575825419317,0.20815077841593846,1
-0.6004057226240715,-0.1658765307614378,-0.12530929662024906,-0.6180167915542616,-0.5980127664998306,1
1.942201160030114,-0.28333263663751873,-1.2781936866550856,0.9765413599026833,0.8419591085924741,1
-2.158376601811595,4.195555442958172,0.4702592598122172,0.13432864845829418,0.8776067148622736,1
1.1176561906732796,0.014037090082574333,-0.8558046197746587,0.8327604496246053,0.34873361096590944,0
-0.24628553959663513,-0.5872154940920596,-0.40205972518141064,0.10570301666801293,-1.313391518248366,1
2.5501456542670438,1.5201397393234628,1.221813601379862,0.24060411913694407,0.6747047492789873,0
-0.8067909284018225,-2.6407279323834,-0.30792704195932985,0.8367550877399327,-0.6536310122186029,1
0.6173809629403919,-3.2630820465059216,1.8984653006447312,-0.8941363412346391,0.5748017663517567,0
-2.1958285127247406,1.9588140409536092,-0.4037231259218292,-0.4281825081920334,0.5025357385262494,1
0.1652959964217911,-0.16933186484314483,1.3168748361191518,1.0041726226740784,0.22716629293498106,0
2.3914111384313332,1.6720298323481497,-0.8817798441156708,-0.9134636942849629,-0.7554244379698865,1
-2.683792797820325,2.3328133193542033,0.28773269831529624,0.4667736604822589,-0.20383958921695874,0
2.4856994252325735,0.43806355554008114,-0.6618989942770752,-0.15609064801865197,0.6267799163072676,0
-1.6549294846635931,1.3495823145815669,-1.769186897740932,-0.5201118232000698,0.9092028427928673,1
2.469236721254524,3.068076797313861,2.944620196341477,-0.37914651258284265,0.8981163403202721,1
-0.9960712011548252,-0.8109708695231567,0.6469909856194007,-1.818846870779839,0.17371869674554377,1
3.1516075678473916,0.7881983876022756,-1.5168705546157724,-1.0756341150551818,-0.18758974126127861,0
2.4631176393940004,-0.012813782185766445,-1.447547301028876,-1.2155699920421241,-0.16081159765181596,1
1.5424364633774892,0.685843094920987,-0.8690304083569127,0.6011498479933458,0.27425221335530986,1
-1.0470714105678527,-0.2744785934187832,-1.5133515343559079,0.9887997857418478,-0.14567782026008025,1
-0.9022441905490817,-1.5808271768806124,0.06954974324672965,-1.3186059161027381,-0.6723942252909603,1
-2.210344701695414,0.7894196009854049,-0.2306006097927941,0.533839338349664,-0.5478783327714768,0
-1.1347478353370601,-1.4372426673863186,-0.9847195116673259,0.30128046942772513,-0.9178823796495996,1
0.4100700780611136,-1.4657114670557074,0.6780134956219143,0.4517073636776326,-0.030181510885794946,0
-1.0824406729565916,-0.41733215468570783,0.26120061259051275,-0.6876505041395948,0.310838896541994,1
-1.0658389797520749,-0.5027355469243135,-1.2501578699304692,-0.2983015422165667,-0.16939573410673964,1
0.4596090889076578,0.6928287505065346,2.8356874013581077,-0.15759449045444107,0.2920722757799099,1
-1.738601367718691,1.3381780822331901,-1.82640675028168,-0.6291003247719299,0.7228043428545722,1
3.898605710668012,3.4852884510489877,1.4012906248487578,5.146032168405684,-0.48115875511771045,1
2.9861131484128003,1.462248068862869,0.45375830554117297,0.32891204449797945,0.9117252443654393,1
2.3043251118547374,-2.6824693118407525,-1.3777769063757808,2.0173577812208348,1.025555076735175,1
2.0998014217473666,-0.8133806502578349,2.0905659452247076,-0.20904690066634465,0.7997337308951692,1
-0.3465219796670595,-1.8652491708700425,0.04748092769485098,0.21537093405459337,0.009493467070339713,1
-1.4920406384041776,1.7911292973361814,-0.10588707112353099,-0.8147781063430201,-0.04428447762640578,1
-0.870079182248533,3.022386448933251,1.531663081260016,0.40541012732384085,1.0482022980543746,0
2.7626612776904413,0.06967815347807635,-1.9906006190183456,-0.5788305698527623,-0.6648278105750952,1
3.449572046048078,-1.2718015939358929,-3.337761283861316,-1.0796194988853691,0.23618325548407976,1
5.757390673985748,4.674304057603457,0.3083403817050807,4.1981047402267295,-5.156919473602737,0
-1.8874589584532502,1.9434650190760816,-0.08587111723834254,0.620718023799225,-1.0710718596400752,0
-1.1525958150245421,-1.340996649424213,0.437650538860256,3.726659466097677,-0.5979806065191438,1
0.2810953204379898,-0.7456018568875524,0.020716688331133618,0.995574672802737,0.43402028281157334,1
-0.6146555813419405,-0.6341642429324579,0.11522029220554857,0.6790576829202829,0.24279352128295967,1
-2.738216447493712,2.40950466203624,0.427310096432582,-0.8166059985379979,-0.749436078276341,1
0.44645021105914207,-1.6422646032526595,0.6436425336678591,-0.13225520023202136,-0.10165922720599894,1
2.514573188014084,-0.6221572582635574,-2.499461543721508,0.9443725598928745,0.3268595005986276,1
-0.6126176456218473,-1.17249861482554,-1.2586590232336956,0.8116004809172415,-0.01659249587775274,1
-0.4510915715131071,4.318668243343128,0.2186339472484636,0.7879604473643501,-3.5528044884217973,0
-0.9135547306078364,-2.3544544306757964,1.1508318202718397,-0.16167427954808988,-0.5368563988730526,1
-0.11743163100935398,-1.824922311013301,0.6908239935029713,0.508713975034646,-0.17283025715052272,1
-2.5210146293663658,2.040046482816487,-0.031593189893389266,-0.49457313537546516,-0.4502470138908244,0
2.339741229145273,0.370146314315395,-2.470884664429927,-0.34807598804264056,0.1193186502186195,0
1.0430387599198785,1.6149430826899827,-0.46098192665446336,-0.22377277402016754,-1.0277251357054271,0
3.6019151601870627,1.1244698871467713,-0.45799122912470963,-0.7870927045317733,0.03602135974551571,0
-0.11128723515522602,-0.44276097320201063,0.275691800163318,1.0038001641217094,0.6605782416014375,1
0.3165647196535677,-2.6163633268921083,0.45109153472744984,-0.03270442087965869,-0.156749501749848,1
-0.900128908193107,-2.7400972362286447,0.33786006230935756,0.15159257492250747,-0.4526983890568293,1
-1.0393432540587324,-0.7770540048804913,0.2279396241604705,0.6471098961852396,0.5109560065533486,1
0.2466433781594515,-2.255705339813764,1.2843983808852686,-0.239940580593477,0.35254035833613834,1
-1.977296737912442,2.132425674831241,0.2024285254652934,-0.11986893587235165,0.872785140244939,1
-2.466597850613538,1.7782243400553368,0.07001374279541658,-0.045529914372631396,0.03927169890568898,0
0.3296134669646581,-0.619711928493304,-0.14779282076566086,-0.023820562377962987,0.8768781273264799,1
-1.878065189504293,1.8306003252042649,-1.4191642415735894,-1.0736296582695997,0.4957844290789491,1
3.8433828965632837,-0.6062109611648772,-2.759398274527559,-0.8310738769088397,0.3109997381541849,1
-0.1268886942114576,-2.1894120821663696,-1.9094237527909799,0.8170705442523457,1.9027403319986511,1
2.016238135192269,3.3475494083553325,-0.8631287331027166,1.7375593167887242,-2.441840221075684,0
0.51034056801752,1.618818353141371,0.8554255514701633,0.9592221839946926,-2.533679700185328,1
2.061482263580308,-0.26347299464235047,0.9847508467406555,-0.036953013065134835,1.3569581494226288,0
3.133229036481017,1.3487466435862996,-2.8765355104842185,0.36031317126017265,-0.32732052967297626,0
-0.4006285592225091,-2.178222001837113,0.22171599128685918,-0.003305960763252395,0.11979662539762617,1
3.5077007213003464,-0.6298738118892515,-2.8475389084772864,-0.5481521122232345,0.44128982533544375,1
-1.216934554780114,-0.3282031175647132,-0.45762265232609173,0.49424973554526036,1.4818384938411746,1
1.2107181656845558,1.1642559418964362,-0.5795654167177977,-0.6663191530242469,-0.2952247770164548,1
-1.2077304446946524,0.4570713620396179,-0.8997628777401541,0.8180981169619713,0.31403366698345503,1
-1.0440645250463154,0.9866174132714923,-1.0323331202433714,2.410091401086155,1.7106073747652755,0
-2.137695069482679,1.1120794501805493,0.3792422930150235,-1.9553109318366593,-0.14640548895594732,1
2.320643318714306,-1.913084856909145,0.565726845709671,-0.0007946871589927953,0.6954282006496794,1
-1.3043690115756987,0.5298757022967356,1.0974160089245184,1.2370271294728024,-2.445901369379731,1
-2.194866158235334,0.7910378338405561,-0.5820587910145356,-0.42776788290289885,-0.7351307275298695,0
0.9522871175620523,-2.413976721580971,-0.03243502511645692,0.14596537860844136,0.31655402111559633,1
-0.697379402609864,-2.26189326766767,0.7161260199588859,-0.728758577316436,-0.3870900235755259,1
-1.065425506502243,-1.225783157101394,-1.1002384345438925,-0.35389363098707405,-1.1893596298407887,0
-1.0927913725126785,0.9110834088655685,-0.5899078720018494,-0.8681227195047108,-0.18152173648862346,0
-1.999819109916485,1.9979128328206706,-1.464412200697883,-0.41203127164872916,0.1572716486108711,0
-0.19223890020406528,-0.8470017694128023,-0.4299844703934978,0.9740792411358914,0.45309491733601687,1
-1.8896886434913829,1.7496767577149246,-1.68702461626818,0.08407501452512173,1.4471064537111433,1
-0.4212779799702774,-2.37395956335442,1.6677822540505112,-1.351443538424451,-1.0869462777478658,1
2.09121170136174,0.7630319400688536,1.7738683005921607,0.16439537692224973,0.5601697682665157,1
-1.634643413835795,0.2840566709308097,-0.5009767548984297,0.5532757180275439,0.2683263375409789,1
-2.5666206706983115,2.2044467989863934,0.047220974740249666,-0.3999006140065966,-0.3069650863183362,1
2.327301202638557,0.05460443537414342,2.2601854512590926,-0.7670334058215337,1.1309258629889611,1
3.24604848671923,0.23143246369223316,-2.428468035700823,-0.4282811760430846,0.39446656731682433,1
0.10372866080350644,-1.2957624108938246,-0.11618222389824182,1.2544795645410123,-0.5245901220272918,1
-0.4768407805813389,-1.916146390199978,0.4714662142774862,-0.08984199435463756,-0.23078265556776903,1
-1.8760559222613136,0.9103678866661247,-0.7947190019158444,0.22308422759211397,0.2542529659078387,0
-0.42572485588956005,1.5035529335133342,-0.5027365808285886,-0.04888937812311372,1.1701729680875708,1
3.6803872537089948,-0.30112949075879963,-2.923311458154126,-0.7449689906673453,0.10830952392100619,0
-2.1110112267313603,-0.8739438765453937,-0.9311732683008149,0.45807036536282153,-1.7093953828619135,0
2.725680452722668,1.7640283525073797,2.9763627886386788,-0.1069112486132422,1.2169878414499231,1
-1.359753382844207,0.9901421864238836,0.33927177131897956,0.2806331006206976,0.27906996133337547,1
0.07509903823680816,-0.2560002997724008,2.3715618803294665,0.345543936539403,-0.057148169472918633,1
0.16017304454893488,-1.588086859950547,0.7576987736970489,-0.278957411423041,0.0015133155784828132,1
-0.05629014044703251,-2.0051471926977777,0.5492957613774906,-1.6231865189106975,-0.42801166579231226,0
-2.3946298007855114,0.43786613616948705,0.6673620432911037,-0.8076946335589862,-0.3059852780465609,1
1.0227209012113796,-0.14807622623728095,0.43982685132683336,0.44286781745017983,0.4249639324337369,0
0.1436525636537484,-0.49535607509920443,-0.36421750834398253,0.018704464993465876,-0.08118002399710643,1
-0.8691086173320904,-2.707621598638419,1.4912152049753367,-0.7662345164922802,-0.303679730074233,1
1.109201474197633,-1.0462137406530525,-2.408513696891286,-1.472214552858959,-0.7686174463709242,0
-1.2579278222640886,1.6400897500252694,-1.3097858112913252,-0.24338208003023062,-0.14290844047439766,1
1.4626501661980222,1.2414513313596562,-1.150866188483402,-1.4136104281354165,-1.0849504904688005,0
-0.15666769740969538,-1.7823333790923692,0.46707219206564926,0.339552811579634,1.2753611356309507,1
2.233877132095297,1.0474144519134774,-1.6474764259494956,0.03432749433131887,-0.3637362041936151,0
0.2621541712633148,-1.9289482755213927,1.391225790507655,-1.6283824227135537,-0.16956078449249717,1
0.34914270815575055,1.1485537986655208,0.14739526642988857,1.2122396036588863,-3.231338122257989,1
2.3378388162967165,0.33317481857068804,-1.0130794800242455,0.12957727650351647,0.49093677733802693,0
1.1286005446994605,-1.0316131430360957,0.5014987386836819,-0.39706587774564983,1.179624642467991,1
-0.557094723425515,1.275896592550915,-0.6780880726791475,-1.0085082930921758,0.9003388540281366,0
-0.30431456308245164,-0.5158952754442403,1.0279576746208117,0.03854829648753814,0.6756206761652648,1
2.882831876054694,1.8007675747836023,1.2654503573611031,0.05041080064481088,0.3507737708115558,0
-2.1226983675807296,0.8113406867483187,-0.27589117677993347,0.6797018679589772,-0.1141534362082445,1
-1.4007424419965993,1.4444316462106357,0.19252080081122777,1.3005609445311261,1.223680416243743,1
0.2567841781479009,-1.8854253839358734,-0.41755911088983866,0.5031877475091906,-0.11088580815940838,1
2.3660221563984303,1.1199818900836178,4.5791311287605385,-0.3524309095558649,0.7890392896397033,1
0.6948401978714144,-0.7410714688818899,-0.21290168815737698,-0.4212522267098291,0.7792499991808562,0
-0.6743583663141938,0.45634690569153447,-1.1583658522142177,0.25132403810928294,1.049638687181406,1
-1.1521428116413337,0.4962371437474116,-0.9547312016254761,-0.3266999472517761,0.4696214345057658,0
-2.5210146293663658,2.040046482816487,-0.031593189893389266,-0.49457313537546516,-0.4502470138908244,0
-3.1513195183822216,1.074025207402165,0.34138486602893797,0.3391477255461857,-0.8843645871721011,0
0.3260018663427219,-1.381105594654319,0.8782731483537476,-1.4195696286564736,-0.12209128266161907,1
-1.1991002200207566,0.7459953731318247,-0.48697598650847396,-0.8098624242569343,-0.41105447029756154,0
-0.05967536258473803,-3.005376315118588,1.521124037725369,-0.0323774184196503,-0.33584111802852273,1
-0.4395199140790823,-2.234583831408554,0.4253723756412527,-1.299395870141544,-0.2945050276314147,1
2.998496202902492,-0.4941448375848063,-2.417433094599928,-1.2895396550327822,0.07759587774686308,1
0.5418288884606334,-1.7951715202496044,1.1859448595158024,-1.3291281312238168,-0.2104170734094559,1
1.542823478986971,0.0818926660532346,0.10116430653563478,1.8521981746465337,0.8781583608657572,1
-1.3081847245140368,-1.2342781416199045,0.3922912746913894,-0.36748142312468773,-0.06596716499878395,1
0.07574519444038959,-2.3743673083481305,0.9142014955361499,-0.9255392358825486,-0.25313957755103256,0
0.46022689652369275,-0.4151770770731615,-1.0085108816066564,-1.154772735195503,-1.1067912546333545,1
2.7937305688514797,-1.2954972535840534,-2.5594628197491147,-0.19330937352516478,0.2437473756917172,1
-1.5289163323379307,-0.5735638885151313,-0.9581982820053607,0.033426615028275514,0.7691608295918276,1
3.9474216711275503,1.2244719653409022,1.5715435959965582,2.184314070325237,-0.5879506219594445,1
-0.7470566765385313,-1.8386193192457798,-0.4142798305576104,0.6592238975759517,-0.0334699136911335,1
-0.8237695778205119,0.4204371833791857,-1.1583303542321701,1.4966128298237802,0.03739927976181934,1
0.025300309539919033,-1.6485598277181086,1.3484044681408838,-0.8318737477753662,-0.33657057377786737,1
0.22416048426632354,-1.9034896026549195,0.17583478820445247,0.4009223677296953,0.5079264839321163,0
-1.8364296189870413,1.5512832491787303,-1.1663492224807865,1.1373141396199693,1.6562948691695925,1
-0.7881319867649726,-1.4240079351243813,-1.6635696922895513,1.3165824052078996,-0.44105239557390297,1
2.4975965945910334,-0.9601908663885985,0.03936116601097129,0.14932263195567572,0.39888842657196083,1
1.0919059519266554,1.6473284747161872,1.4108533273696402,0.5708072076667552,-0.3282143100490133,0
-1.0688189136963346,0.5795922706062017,0.4943161281899411,-2.3083725137587963,-0.4642941740930581,1
3.0212977766542766,2.045147762684505,2.290647862159138,-1.0274212125267252,-0.02092041721482635,1
2.5666740024915806,-0.1590021608560538,-0.9306902019968266,-2.0325298342113736,-0.816909042461335,0
-0.9372341274308432,0.029644778198182002,1.0985823462872912,-2.055090768202612,0.36064603391011707,1
-2.026167159481313,0.2121829893752102,-0.4956977633736019,-0.3603318622638037,0.24094732651162853,1
-0.6463588052811818,-1.2014738850355602,0.6402889565762554,0.3644182077396818,-0.8320599032835262,1
2.7589897793307467,1.2953198623162012,1.0142390353879875,-1.9826912996981079,0.49326085135454795,0
2.075502667643194,-0.12238878210684363,-1.689984325189281,-0.7517644698042031,-0.4009910860790976,0
-2.5158868366689378,2.161425486958494,0.38225544175688797,-0.0552727503007329,0.14546861298024027,1
-0.7388900485198447,0.3390996282338493,-0.8480485271211914,-0.5560639557758681,-0.5980005039545203,0
3.171880346781974,-0.46366667195322464,-1.8326451787584956,-0.7453694149452701,-0.28557166123835764,1
2.5441672054432045,3.4338888530609797,3.465669070106712,-1.8740591967375497,0.6440171139161214,0
-0.6626636357535537,-1.7354883834538808,0.21215200447364177,1.0492032173196375,0.16580796175614348,1
-3.172695254146812,1.5510381046313317,-0.6670610726008412,-0.2758801080647002,-0.5835018445766358,1
2.428718882484607,-0.6744606924039345,-2.8114537592371893,1.4804472823711092,-0.16137808111286928,1
1.5468521471961798,0.1706810021813505,-0.570346305193136,0.251463488017523,0.18508864994327562,1
0.4430839646487419,0.3803656590660499,2.5084741499143646,-1.4891820246958876,-0.24625053285593188,0
0.44201643368508275,0.07316141807680043,-2.069345964446747,-1.830004051164829,0.20242405484394688,1
0.7140258338938769,-1.528920200292257,0.2987013443794806,1.4995506489189863,1.1182593506882026,1
2.2608052348219516,-1.0914920020660566,0.4493767853268464,1.8053849093350154,1.6436666466054217,1
-1.1341823792185413,-1.2930123789091728,-0.8225550223711658,1.0615779708521254,0.5333317876608443,1
-0.6521424592430716,-1.4179927935277774,-0.6114474115737977,-0.12577574362692506,-0.30424832963875287,1
-1.8138192925663588,0.03536686427916719,-1.1068264010422433,-0.24220842570478207,0.3689326880452232,1
0.5168707891395438,1.043177081768529,0.019859721869878277,0.200431227490377,1.174221760508601,1
1.200956869650721,0.936572237636269,-0.6961520734866116,0.134910276042544,-0.813338467725127,0
-1.1608212959587327,-1.1127906669503775,0.13263679689658703,0.016034919900353828,-0.500155376908042,1
1.5288163917328146,-1.6046794173685055,0.1159731422423415,0.3970676501215916,0.869504739461779,1
-0.5841922159204395,-0.6751484053360035,-0.34579098578283723,0.7099085212582553,0.6100469843562637,1
3.076009288046228,0.17890246579104022,-2.347458868245566,0.012068856065797898,0.2415379918090927,1
3.044818674397875,0.7940919226255702,-0.018842355762746916,0.7844889813342906,0.38567933093541185,1
-0.7407519117999373,-1.9480297010096743,0.7389272279342147,1.586415675570602,-0.24855278125252292,1
1.8088460363634111,0.8818407896579542,-0.31406248156623057,-0.5104909072616235,-1.2040292550328646,0
-0.19697281197973493,-2.3130451362936455,0.01388614293804,-0.4204608451121608,0.4468187205139953,1
1.4352888983749283,-0.4639981243837162,0.6096957111325829,1.2090437618722645,1.601447977146002,1
3.085378707229893,-0.3555795027529327,-2.005553719597129,-1.8058373034475634,-0.016462364281805242,0
-0.5286765803274001,-2.102622026952283,0.8152386521448982,-1.1861056142989905,0.23975867649026136,1
-1.2101293870647685,0.6669334661294021,-1.549497689989342,-0.0906620741269034,0.6864037334604681,1
0.731664910368695,-2.5798939842338813,-0.5723671276583311,1.0475104486337616,0.9492186549960303,1
-1.179453225827157,-0.3417140643235848,-0.4958885698827265,0.19622217546670195,-0.4171377608400683,0
-0.27675134639094184,-1.9936488513531425,-1.414094344758597,0.6895714924278776,-0.32275483803434585,1
-3.0668932084782417,1.2187864881098909,-1.011011710215384,-0.19569012932959387,-0.16743689382960308,0
-0.23033420297974885,-1.9212492831511467,0.3782912631021227,0.3198171855880774,0.17170171551485366,1
3.4858470448830943,-0.5222182845799649,-2.7248188882954247,-0.3409199841463676,0.4527862007562085,1
-1.9054361124379982,1.7388831887829943,-0.618168691481121,0.24253949389599286,0.1685023136212839,1
2.8516556287084183,0.7701598756185754,2.440269977824822,0.3555645680147431,1.1790111327627866,1
-0.20177159424560656,-1.1128472728705958,1.2483385653594545,-0.03836188062292725,-0.21494548774417582,1
-0.7026733750396007,-0.005584893654900116,0.46209905157972486,-1.278514858304036,-0.9874552731215561,1
0.1886361082091436,-2.198297006128998,1.555564410977538,0.273234486311711,-0.07832034744108736,1
0.4873358365340656,-0.7685894497323493,-0.676019617641506,1.741597108951699,0.7036436228110557,1
-2.2883343170360653,0.8272151387363808,-0.26604276984815584,-0.14592320144365556,-0.6179079579626922,0
-0.9736079081572153,-0.13473249974947538,-1.2498959390491429,0.27618854520103914,-0.4204438802107227,0
1.4105347928452578,1.1948518106158745,0.15234266983417027,-0.5715041177116331,0.190596923205258,1
-0.0751398148621255,0.08379839777622605,-0.14701849553861018,-0.5507429234544858,-1.4148576575825462,0
3.4575980796910346,2.8883193761341155,2.2214068095374113,1.8302746665644876,1.7002265552105509,1
3.197204749198853,2.1507828748159654,1.1518970493278022,-1.027283095652307,-0.010980040518190445,1
-1.0052294568031486,-0.8265488912967749,-1.5751568474565614,1.387119288053084,1.2414131020966857,0
4.821875141571063,3.919062226799649,2.2963461952253574,2.236624483402248,-3.2322525570164253,0
-0.2123051339906406,-2.2542576072178937,0.5175844411044717,-0.8440515242789244,-0.4812879351915277,1
-1.1334175593598546,0.8698235522430847,0.39286436699774097,-0.777100240497078,0.47606094799480303,1
2.3948444852079716,0.1693490900594265,1.2458256643100682,0.4389231512867747,0.4683838377494668,1
-1.7188677449096508,1.3607030761728651,0.0012826487059879683,2.919813431523707,2.160986531735787,0
2.784415582136948,0.41535418388231055,-0.5547947263598272,0.7093465028660882,1.0536214597358995,1
-2.3113181856035303,1.9865863167271833,-1.1625633662481378,0.5723931640274809,1.1148151063271485,1
-1.7567689106399518,1.7690603252087524,-1.1866466730956504,0.5363981389585577,-0.3001859521604609,0
-2.1458540874866765,1.961638248942872,-1.0481471888063703,-0.6487037580234005,1.261085718849313,1
-0.1349221407894037,-1.4936606180300738,1.5531816758998314,-0.7210186243671388,-0.6252865380162994,1
1.3990632550077475,2.3315337349701477,2.9153989141318095,1.508252717580502,1.3700345909072114,1
0.5182666324523507,-0.9949183331130186,0.5487825080872744,-0.05491316824039342,-0.43828936121225087,0
-0.5850723124265975,0.9188210567158296,-0.13933896480269567,-0.3108491193722178,-0.9515892780874298,0
-1.100489485381409,0.3810390157278722,-0.4019185169925217,0.93062750701485,0.4471612220590952,1
0.21690737448309774,-2.5420816772337047,0.8345547006809966,0.5575574237385822,0.3639063926867583,1
-0.9619423415251852,1.0132938185320184,-0.899261604795438,-1.414097716871737,0.7723523981915608,1
-1.027668092696205,-1.8652467617662654,0.34347418951778114,0.14679253375145454,0.1207861446145876,1
-1.8935189745071728,-0.8338854773574371,-1.218924485163848,0.18030478058005606,0.3103807080333098,1
-0.05735800160563428,-1.4249043422018004,0.36133590597272486,0.1523094487974703,-0.2920711138283783,1
-1.9192750025217713,0.8539532949705321,-1.2096061646567529,0.40531763738493026,0.48812792653307935,1
0.014730246354481079,-2.1151574608378003,0.4766371005343562,0.576992361249565,-0.014319602360226611,1
2.8689544877936406,-0.39997220637342545,-2.0667881086601834,-0.3803723289084418,-0.2097999688747272,1
0.7705912929976909,-1.2320986091885608,0.1836232377812277,-0.03273130383892411,-0.5628546927704761,0
-2.7358516767747303,1.9138631701147115,-0.6484971049131549,0.96916073213314,0.24253611856545942,1
-1.6912013780211965,0.6440163985894148,0.043753753963169356,0.04182186070993067,-0.07531840945205737,1
-0.22698862807674774,-1.889650167175186,0.5576074442678485,-0.7620471395005602,0.19491379234339012,1
-0.12461485125111542,0.31587764716384154,-0.20194379757526412,-1.1559102505849184,0.0416015402814276,0
2.809368930614171,1.5434047875767483,-1.0554046153826457,-0.6102670792506912,-0.14153595156849247,1
-0.3482809489368197,-0.3193045867887844,1.6015236089510105,1.6087042404763656,0.07469885130398979,1
2.2824901554030603,0.887429760799574,1.075081392537146,1.0287271685977692,1.3694541873528663,1
-1.0343034485443166,-1.3845258097132094,1.2292810319252125,-2.1899116357107604,-0.817554832706586,1
-0.33581400291524516,-0.5857346104388104,0.11573157555101203,0.06505181543235772,0.40376446573318037,1
-0.01992686447041835,-3.066647475270082,0.5725333200031922,0.01525215535100164,1.0524570326394247,1
-8.915583225328565,0.6040544657714444,-3.407531285010392,7.585421748139924,-3.594120456600432,0
2.590974247003811,0.0879350818274689,-1.8942584307321655,-1.187794486375208,-0.4301910900245458,0
3.162607348314263,1.6331815306512616,2.355653447686694,1.5174896449254525,1.5008565844205697,1
0.08102936076808427,-0.9389825207986281,-0.6909152832505814,2.2153912899856927,-0.6063400862289174,0
2.777158112335638,0.5947414962339593,-0.03467007253655313,-1.0686243060607197,-0.8690122380011913,0
-1.4068481609361185,-0.3280849936797277,0.18364517978177441,-1.8546836422613042,-0.2511142445305136,1
-0.33833804856109323,-1.1267871588057983,1.5241156749059104,0.46134611202865605,-0.05529133402443858,1
-0.8184973733288005,-1.431093384667087,-0.6358906460336585,-0.0874443214986012,-0.45566965165061474,1
-0.1021541973113189,-1.1575385143184143,0.2630175560389748,1.010425311923316,-0.11711482852571084,1
-0.11774948524606901,-0.7446844942922443,-1.9965998933622608,-0.14186656004536885,0.7078691994043077,1
2.397082961848667,-1.229148365663238,1.6041160668895855,0.48284759535370475,1.4679466635830318,1
-0.8911728331342531,0.6458048182248127,-1.4791096239795662,0.6092086472257118,-2.059372263408741,1
2.5279986445947262,0.28365968841544614,-0.3295093308592191,-1.2437379293476836,-1.134072219621461,0
1.3121000971127523,0.7014641021816458,-1.821427643979415,-0.8228680577635356,-0.9454707404744365,0
-1.7375661264153484,0.1566603446075157,-0.9080640200108651,-0.5727702641848096,0.06364334281742727,1
-0.802643031043825,-0.9238759508876673,-0.4539566133063687,0.39863671219293895,-0.7039131273053468,0
-1.3095832388796815,0.8783511775050205,-0.22181034313087433,-0.2574584987495103,0.30516990312125764,1
-1.708757332872739,0.4920630756548631,-0.8631079282368245,0.17094598561260194,-0.6661418570696629,0
0.8221464613722639,-0.7621879007656555,-0.8650956712074568,-2.29892037638696,-0.805839490271339,0
-0.8275541909532258,-0.6789788581189105,0.06360665751813216,-1.3844720491079225,-0.14245911251125254,1
0.21190133800200037,-1.7082881548804438,1.8465279158253662,-0.880431872766708,-0.8405673081444143,1
-0.3997395401492748,-2.13942754278883,1.2499067434533118,-0.7737643380859096,-0.5385114112499589,1
-0.08506663709689798,-1.0660823057117739,1.669491999698559,0.07298328338694336,-0.25075419776319663,1
-2.3953705557937677,-0.731616179021003,0.7863543580778323,-0.5976407042070978,-0.3630952266246911,1
2.525755251774267,1.9706997395226717,3.34382742971475,-0.2411655910331957,1.534864512444778,1
-2.3635709074482576,2.5117218301889315,-0.9000292123725742,0.574153128762287,0.08518148663400016,0
-0.4199603559248838,-0.5026511383838457,2.2056346505186424,-2.2487659339811277,-0.7777335243348422,0
-0.4048492982916704,-0.3365549823217179,1.3974723999134657,-0.4022444416734864,-0.9459987491034763,0
1.8841883396139887,0.33780050508730963,1.4285594616499884,0.8077129599374349,0.7263917849617311,1
-0.1844406094175519,0.8260461695601734,0.45837344903470567,0.6975274065892341,0.809689982368023,1
-0.4741108507108987,-2.2555557051852784,-1.3120436131962578,-0.08569605617509705,0.28958613225510976,1
-2.1410347081028744,1.9895043566019073,0.6773222331149755,0.17758247121417742,0.465335379103882,0
0.6359981443028849,0.04552299805355275,0.5189686194645056,-0.9453801574069155,-0.5812665990406473,0
2.6780180500848667,1.9203916373763854,1.4183143745803934,1.0041666189506184,1.413012486804028,1
-0.8421152613930573,-0.7522397315538478,1.626262771127922,-0.371376324564227,-1.1555018902829988,1
-2.2807767187270405,1.9235874998840616,0.6740810343292003,-0.8930018244198843,0.17450395265912017,0
-1.3961077983378458,-0.6892258397939602,-0.3260082390209751,-0.29048916175829187,-0.7837539376606297,1
